[
  {
    "id": 1,
    "name": "Bubble Shooter",
    "embed_code": "<iframe width=\"100%\" height=\"550\" style=\"border:0px;\" src=\"https://cdn.htmlgames.com/BubbleShooter/index.html\" title=\"Bubble Shooter\"></iframe>",
    "source": "HTMLGames.com",
    "category": "Puzzle",
    "popularity": "Very High",
    "image": "https://via.placeholder.com/300x200/1a1a1a/gold?text=Bubble+Shooter",
    "play_url": "https://play.cashmart.games/1"
  },
  {
    "id": 2,
    "name": "Mahjong Solitaire",
    "embed_code": "<iframe width=\"100%\" height=\"550\" style=\"border:0px;\" src=\"https://cdn.htmlgames.com/MahjongSolitaire/index.html\" title=\"Mahjong Solitaire\"></iframe>",
    "source": "HTMLGames.com",
    "category": "Puzzle",
    "popularity": "High",
    "image": "https://via.placeholder.com/300x200/1a1a1a/gold?text=Mahjong+Solitaire",
    "play_url": "https://play.cashmart.games/2"
  },
  {
    "id": 3,
    "name": "Spider Solitaire",
    "embed_code": "<iframe width=\"100%\" height=\"550\" style=\"border:0px;\" src=\"https://cdn.htmlgames.com/SpiderSolitaire/index.html\" title=\"Spider Solitaire\"></iframe>",
    "source": "HTMLGames.com",
    "category": "Card",
    "popularity": "Very High",
    "image": "https://via.placeholder.com/300x200/1a1a1a/gold?text=Spider+Solitaire",
    "play_url": "https://play.cashmart.games/3"
  },
  {
    "id": 4,
    "name": "FreeCell Solitaire",
    "embed_code": "<iframe width=\"100%\" height=\"550\" style=\"border:0px;\" src=\"https://cdn.htmlgames.com/FreeCellSolitaire/index.html\" title=\"FreeCell Solitaire\"></iframe>",
    "source": "HTMLGames.com",
    "category": "Card",
    "popularity": "High",
    "image": "https://via.placeholder.com/300x200/1a1a1a/gold?text=FreeCell+Solitaire",
    "play_url": "https://play.cashmart.games/4"
  },
  {
    "id": 5,
    "name": "Klondike Solitaire",
    "embed_code": "<iframe width=\"100%\" height=\"550\" style=\"border:0px;\" src=\"https://cdn.htmlgames.com/KlondikeSolitaire/index.html\" title=\"Klondike Solitaire\"></iframe>",
    "source": "HTMLGames.com",
    "category": "Card",
    "popularity": "High",
    "image": "https://via.placeholder.com/300x200/1a1a1a/gold?text=Klondike+Solitaire",
    "play_url": "https://play.cashmart.games/5"
  },
  {
    "id": 6,
    "name": "Match 3 Games",
    "embed_code": "<iframe width=\"100%\" height=\"550\" style=\"border:0px;\" src=\"https://cdn.htmlgames.com/Match3/index.html\" title=\"Match 3\"></iframe>",
    "source": "HTMLGames.com",
    "category": "Puzzle",
    "popularity": "High",
    "image": "https://via.placeholder.com/300x200/1a1a1a/gold?text=Match+3+Games",
    "play_url": "https://play.cashmart.games/6"
  },
  {
    "id": 7,
    "name": "Pyramid Solitaire",
    "embed_code": "<iframe width=\"100%\" height=\"550\" style=\"border:0px;\" src=\"https://cdn.htmlgames.com/PyramidSolitaire/index.html\" title=\"Pyramid Solitaire\"></iframe>",
    "source": "HTMLGames.com",
    "category": "Card",
    "popularity": "Medium",
    "image": "https://via.placeholder.com/300x200/1a1a1a/gold?text=Pyramid+Solitaire",
    "play_url": "https://play.cashmart.games/7"
  },
  {
    "id": 8,
    "name": "Hearts Card Game",
    "embed_code": "<iframe width=\"100%\" height=\"550\" style=\"border:0px;\" src=\"https://cdn.htmlgames.com/Hearts/index.html\" title=\"Hearts\"></iframe>",
    "source": "HTMLGames.com",
    "category": "Card",
    "popularity": "Medium",
    "image": "https://via.placeholder.com/300x200/1a1a1a/gold?text=Hearts+Card+Game",
    "play_url": "https://play.cashmart.games/8"
  },
  {
    "id": 9,
    "name": "Spades Card Game",
    "embed_code": "<iframe width=\"100%\" height=\"550\" style=\"border:0px;\" src=\"https://cdn.htmlgames.com/Spades/index.html\" title=\"Spades\"></iframe>",
    "source": "HTMLGames.com",
    "category": "Card",
    "popularity": "Medium",
    "image": "https://via.placeholder.com/300x200/1a1a1a/gold?text=Spades+Card+Game",
    "play_url": "https://play.cashmart.games/9"
  },
  {
    "id": 10,
    "name": "Sudoku Classic",
    "embed_code": "<iframe width=\"100%\" height=\"550\" style=\"border:0px;\" src=\"https://cdn.htmlgames.com/Sudoku/index.html\" title=\"Sudoku\"></iframe>",
    "source": "HTMLGames.com",
    "category": "Puzzle",
    "popularity": "Very High",
    "image": "https://via.placeholder.com/300x200/1a1a1a/gold?text=Sudoku+Classic",
    "play_url": "https://play.cashmart.games/10"
  },
  {
    "id": 11,
    "name": "Ludo With Friends",
    "embed_code": "Sign up at business.gamezop.com for custom embed code",
    "source": "Gamezop",
    "category": "Strategy",
    "popularity": "Very High",
    "image": "https://via.placeholder.com/300x200/1a1a1a/gold?text=Ludo+With+Friends",
    "play_url": "https://play.cashmart.games/11"
  },
  {
    "id": 12,
    "name": "Chess Grandmaster",
    "embed_code": "Sign up at business.gamezop.com for custom embed code",
    "source": "Gamezop",
    "category": "Strategy",
    "popularity": "High",
    "image": "https://via.placeholder.com/300x200/1a1a1a/gold?text=Chess+Grandmaster",
    "play_url": "https://play.cashmart.games/12"
  },
  {
    "id": 13,
    "name": "Escape Run",
    "embed_code": "Sign up at business.gamezop.com for custom embed code",
    "source": "Gamezop",
    "category": "Adventure",
    "popularity": "Very High",
    "image": "https://via.placeholder.com/300x200/1a1a1a/gold?text=Escape+Run",
    "play_url": "https://play.cashmart.games/13"
  },
  {
    "id": 14,
    "name": "Bubble Shooter Classic",
    "embed_code": "Sign up at business.gamezop.com for custom embed code",
    "source": "Gamezop",
    "category": "Puzzle",
    "popularity": "High",
    "image": "https://via.placeholder.com/300x200/1a1a1a/gold?text=Bubble+Shooter+Classic",
    "play_url": "https://play.cashmart.games/14"
  },
  {
    "id": 15,
    "name": "Kingdom Fight",
    "embed_code": "Sign up at business.gamezop.com for custom embed code",
    "source": "Gamezop",
    "category": "Action",
    "popularity": "Very High",
    "image": "https://via.placeholder.com/300x200/1a1a1a/gold?text=Kingdom+Fight",
    "play_url": "https://play.cashmart.games/15"
  },
  {
    "id": 16,
    "name": "Hearts Card Game",
    "embed_code": "<iframe width=\"100%\" height=\"550\" style=\"border:0px;\" src=\"https://embed.vipgames.com/hearts\" title=\"Hearts\"></iframe>",
    "source": "VIPGames.com",
    "category": "Card",
    "popularity": "High",
    "image": "https://via.placeholder.com/300x200/1a1a1a/gold?text=Hearts+Card+Game",
    "play_url": "https://play.cashmart.games/16"
  },
  {
    "id": 17,
    "name": "Euchre",
    "embed_code": "<iframe width=\"100%\" height=\"550\" style=\"border:0px;\" src=\"https://embed.vipgames.com/euchre\" title=\"Euchre\"></iframe>",
    "source": "VIPGames.com",
    "category": "Card",
    "popularity": "Medium",
    "image": "https://via.placeholder.com/300x200/1a1a1a/gold?text=Euchre",
    "play_url": "https://play.cashmart.games/17"
  },
  {
    "id": 18,
    "name": "Backgammon",
    "embed_code": "<iframe width=\"100%\" height=\"550\" style=\"border:0px;\" src=\"https://embed.vipgames.com/backgammon\" title=\"Backgammon\"></iframe>",
    "source": "VIPGames.com",
    "category": "Board",
    "popularity": "High",
    "image": "https://via.placeholder.com/300x200/1a1a1a/gold?text=Backgammon",
    "play_url": "https://play.cashmart.games/18"
  },
  {
    "id": 19,
    "name": "Snake Game HTML5",
    "embed_code": "<iframe width=\"100%\" height=\"550\" style=\"border:0px;\" src=\"https://codepen.io/toxin4869/embed/preview/LYGxqKV\" title=\"Snake Game\"></iframe>",
    "source": "CodePen/CodeWithRandom",
    "category": "Classic Arcade",
    "popularity": "Very High",
    "image": "https://via.placeholder.com/300x200/1a1a1a/gold?text=Snake+Game+HTML5",
    "play_url": "https://play.cashmart.games/19"
  },
  {
    "id": 20,
    "name": "Tetris HTML5",
    "embed_code": "<iframe width=\"100%\" height=\"550\" style=\"border:0px;\" src=\"https://codepen.io/fradar/embed/preview/VwKqygX\" title=\"Tetris Game\"></iframe>",
    "source": "CodePen/CodeWithRandom",
    "category": "Classic Puzzle",
    "popularity": "Very High",
    "image": "https://via.placeholder.com/300x200/1a1a1a/gold?text=Tetris+HTML5",
    "play_url": "https://play.cashmart.games/20"
  },
  {
    "id": 21,
    "name": "Tic Tac Toe",
    "embed_code": "<iframe width=\"100%\" height=\"550\" style=\"border:0px;\" src=\"https://codepen.io/argenisvl/embed/preview/NWxMWqy\" title=\"Tic Tac Toe\"></iframe>",
    "source": "CodePen/CodeWithRandom",
    "category": "Logic",
    "popularity": "High",
    "image": "https://via.placeholder.com/300x200/1a1a1a/gold?text=Tic+Tac+Toe",
    "play_url": "https://play.cashmart.games/21"
  },
  {
    "id": 22,
    "name": "Piano Tiles",
    "embed_code": "<iframe width=\"100%\" height=\"550\" style=\"border:0px;\" src=\"https://codepen.io/darshan-rajadhyaksha/embed/preview/QWjqLyN\" title=\"Piano Tiles\"></iframe>",
    "source": "CodePen/CodeWithRandom",
    "category": "Music",
    "popularity": "High",
    "image": "https://via.placeholder.com/300x200/1a1a1a/gold?text=Piano+Tiles",
    "play_url": "https://play.cashmart.games/22"
  },
  {
    "id": 23,
    "name": "Whack A Mole",
    "embed_code": "<iframe width=\"100%\" height=\"550\" style=\"border:0px;\" src=\"https://codepen.io/em-ab/embed/preview/xxZQgBP\" title=\"Whack A Mole\"></iframe>",
    "source": "CodePen/CodeWithRandom",
    "category": "Arcade",
    "popularity": "High",
    "image": "https://via.placeholder.com/300x200/1a1a1a/gold?text=Whack+A+Mole",
    "play_url": "https://play.cashmart.games/23"
  },
  {
    "id": 24,
    "name": "Google Snake Game",
    "embed_code": "<iframe width=\"100%\" height=\"550\" style=\"border:0px;\" src=\"https://sites.google.com/site/populardoodlegames/google-snake\" title=\"Google Snake\"></iframe>",
    "source": "Google Sites",
    "category": "Classic Arcade",
    "popularity": "Very High",
    "image": "https://via.placeholder.com/300x200/1a1a1a/gold?text=Google+Snake+Game",
    "play_url": "https://play.cashmart.games/24"
  },
  {
    "id": 25,
    "name": "Pac-Man (Archive.org)",
    "embed_code": "<iframe width=\"100%\" height=\"550\" style=\"border:0px;\" src=\"https://archive.org/embed/msdos_Pac-Man_1983\" title=\"Pac-Man\"></iframe>",
    "source": "Internet Archive",
    "category": "Classic Arcade",
    "popularity": "Very High",
    "image": "https://via.placeholder.com/300x200/1a1a1a/gold?text=Pac-Man+(Archive.org)",
    "play_url": "https://play.cashmart.games/25"
  },
  {
    "id": 26,
    "name": "2048 Original",
    "embed_code": "<iframe width=\"100%\" height=\"550\" style=\"border:0px;\" src=\"https://gabrielecirulli.github.io/2048/\" title=\"2048 Game\"></iframe>",
    "source": "GitHub Pages",
    "category": "Number Puzzle",
    "popularity": "Very High",
    "image": "https://via.placeholder.com/300x200/1a1a1a/gold?text=2048+Original",
    "play_url": "https://play.cashmart.games/26"
  },
  {
    "id": 27,
    "name": "Flappy Bird (CodePen)",
    "embed_code": "<iframe width=\"100%\" height=\"550\" style=\"border:0px;\" src=\"https://codepen.io/ChrissyCodes/embed/preview/LYENGvb\" title=\"Flappy Bird\"></iframe>",
    "source": "CodePen",
    "category": "Endless Runner",
    "popularity": "Very High",
    "image": "https://via.placeholder.com/300x200/1a1a1a/gold?text=Flappy+Bird+(CodePen)",
    "play_url": "https://play.cashmart.games/27"
  },
  {
    "id": 28,
    "name": "Memory Game",
    "embed_code": "<iframe width=\"100%\" height=\"550\" style=\"border:0px;\" src=\"https://codepen.io/natewiley/embed/preview/HBrbL\" title=\"Memory Game\"></iframe>",
    "source": "CodePen",
    "category": "Memory/Brain",
    "popularity": "High",
    "image": "https://via.placeholder.com/300x200/1a1a1a/gold?text=Memory+Game",
    "play_url": "https://play.cashmart.games/28"
  },
  {
    "id": 29,
    "name": "Space Invaders (Archive)",
    "embed_code": "<iframe width=\"100%\" height=\"550\" style=\"border:0px;\" src=\"https://archive.org/embed/arcade_space_invaders\" title=\"Space Invaders\"></iframe>",
    "source": "Internet Archive",
    "category": "Classic Arcade",
    "popularity": "High",
    "image": "https://via.placeholder.com/300x200/1a1a1a/gold?text=Space+Invaders+(Archive)",
    "play_url": "https://play.cashmart.games/29"
  },
  {
    "id": 30,
    "name": "Asteroids (Archive)",
    "embed_code": "<iframe width=\"100%\" height=\"550\" style=\"border:0px;\" src=\"https://archive.org/embed/arcade_asteroids\" title=\"Asteroids\"></iframe>",
    "source": "Internet Archive",
    "category": "Classic Arcade",
    "popularity": "High",
    "image": "https://via.placeholder.com/300x200/1a1a1a/gold?text=Asteroids+(Archive)",
    "play_url": "https://play.cashmart.games/30"
  },
  {
    "id": 31,
    "name": "Centipede (Archive)",
    "embed_code": "<iframe width=\"100%\" height=\"550\" style=\"border:0px;\" src=\"https://archive.org/embed/arcade_centipede\" title=\"Centipede\"></iframe>",
    "source": "Internet Archive",
    "category": "Classic Arcade",
    "popularity": "High",
    "image": "https://via.placeholder.com/300x200/1a1a1a/gold?text=Centipede+(Archive)",
    "play_url": "https://play.cashmart.games/31"
  },
  {
    "id": 32,
    "name": "Galaga (Archive)",
    "embed_code": "<iframe width=\"100%\" height=\"550\" style=\"border:0px;\" src=\"https://archive.org/embed/arcade_galaga\" title=\"Galaga\"></iframe>",
    "source": "Internet Archive",
    "category": "Classic Arcade",
    "popularity": "High",
    "image": "https://via.placeholder.com/300x200/1a1a1a/gold?text=Galaga+(Archive)",
    "play_url": "https://play.cashmart.games/32"
  },
  {
    "id": 33,
    "name": "Frogger (Archive)",
    "embed_code": "<iframe width=\"100%\" height=\"550\" style=\"border:0px;\" src=\"https://archive.org/embed/arcade_frogger\" title=\"Frogger\"></iframe>",
    "source": "Internet Archive",
    "category": "Classic Arcade",
    "popularity": "High",
    "image": "https://via.placeholder.com/300x200/1a1a1a/gold?text=Frogger+(Archive)",
    "play_url": "https://play.cashmart.games/33"
  },
  {
    "id": 34,
    "name": "Donkey Kong (Archive)",
    "embed_code": "<iframe width=\"100%\" height=\"550\" style=\"border:0px;\" src=\"https://archive.org/embed/arcade_donkey_kong\" title=\"Donkey Kong\"></iframe>",
    "source": "Internet Archive",
    "category": "Classic Arcade",
    "popularity": "High",
    "image": "https://via.placeholder.com/300x200/1a1a1a/gold?text=Donkey+Kong+(Archive)",
    "play_url": "https://play.cashmart.games/34"
  },
  {
    "id": 35,
    "name": "Dig Dug (Archive)",
    "embed_code": "<iframe width=\"100%\" height=\"550\" style=\"border:0px;\" src=\"https://archive.org/embed/arcade_dig_dug\" title=\"Dig Dug\"></iframe>",
    "source": "Internet Archive",
    "category": "Classic Arcade",
    "popularity": "High",
    "image": "https://via.placeholder.com/300x200/1a1a1a/gold?text=Dig+Dug+(Archive)",
    "play_url": "https://play.cashmart.games/35"
  },
  {
    "id": 36,
    "name": "Q-bert (Archive)",
    "embed_code": "<iframe width=\"100%\" height=\"550\" style=\"border:0px;\" src=\"https://archive.org/embed/arcade_q-bert\" title=\"Q-bert\"></iframe>",
    "source": "Internet Archive",
    "category": "Classic Arcade",
    "popularity": "High",
    "image": "https://via.placeholder.com/300x200/1a1a1a/gold?text=Q-bert+(Archive)",
    "play_url": "https://play.cashmart.games/36"
  },
  {
    "id": 37,
    "name": "Tempest (Archive)",
    "embed_code": "<iframe width=\"100%\" height=\"550\" style=\"border:0px;\" src=\"https://archive.org/embed/arcade_tempest\" title=\"Tempest\"></iframe>",
    "source": "Internet Archive",
    "category": "Classic Arcade",
    "popularity": "High",
    "image": "https://via.placeholder.com/300x200/1a1a1a/gold?text=Tempest+(Archive)",
    "play_url": "https://play.cashmart.games/37"
  },
  {
    "id": 38,
    "name": "Defender (Archive)",
    "embed_code": "<iframe width=\"100%\" height=\"550\" style=\"border:0px;\" src=\"https://archive.org/embed/arcade_defender\" title=\"Defender\"></iframe>",
    "source": "Internet Archive",
    "category": "Classic Arcade",
    "popularity": "High",
    "image": "https://via.placeholder.com/300x200/1a1a1a/gold?text=Defender+(Archive)",
    "play_url": "https://play.cashmart.games/38"
  },
  {
    "id": 39,
    "name": "Robotron (Archive)",
    "embed_code": "<iframe width=\"100%\" height=\"550\" style=\"border:0px;\" src=\"https://archive.org/embed/arcade_robotron\" title=\"Robotron\"></iframe>",
    "source": "Internet Archive",
    "category": "Classic Arcade",
    "popularity": "High",
    "image": "https://via.placeholder.com/300x200/1a1a1a/gold?text=Robotron+(Archive)",
    "play_url": "https://play.cashmart.games/39"
  },
  {
    "id": 40,
    "name": "Joust (Archive)",
    "embed_code": "<iframe width=\"100%\" height=\"550\" style=\"border:0px;\" src=\"https://archive.org/embed/arcade_joust\" title=\"Joust\"></iframe>",
    "source": "Internet Archive",
    "category": "Classic Arcade",
    "popularity": "High",
    "image": "https://via.placeholder.com/300x200/1a1a1a/gold?text=Joust+(Archive)",
    "play_url": "https://play.cashmart.games/40"
  },
  {
    "id": 41,
    "name": "Missile Command (Archive)",
    "embed_code": "<iframe width=\"100%\" height=\"550\" style=\"border:0px;\" src=\"https://archive.org/embed/arcade_missile_command\" title=\"Missile Command\"></iframe>",
    "source": "Internet Archive",
    "category": "Classic Arcade",
    "popularity": "High",
    "image": "https://via.placeholder.com/300x200/1a1a1a/gold?text=Missile+Command+(Archive)",
    "play_url": "https://play.cashmart.games/41"
  },
  {
    "id": 42,
    "name": "BurgerTime (Archive)",
    "embed_code": "<iframe width=\"100%\" height=\"550\" style=\"border:0px;\" src=\"https://archive.org/embed/arcade_burgertime\" title=\"BurgerTime\"></iframe>",
    "source": "Internet Archive",
    "category": "Classic Arcade",
    "popularity": "High",
    "image": "https://via.placeholder.com/300x200/1a1a1a/gold?text=BurgerTime+(Archive)",
    "play_url": "https://play.cashmart.games/42"
  },
  {
    "id": 43,
    "name": "Popeye (Archive)",
    "embed_code": "<iframe width=\"100%\" height=\"550\" style=\"border:0px;\" src=\"https://archive.org/embed/arcade_popeye\" title=\"Popeye\"></iframe>",
    "source": "Internet Archive",
    "category": "Classic Arcade",
    "popularity": "High",
    "image": "https://via.placeholder.com/300x200/1a1a1a/gold?text=Popeye+(Archive)",
    "play_url": "https://play.cashmart.games/43"
  },
  {
    "id": 44,
    "name": "HexGL Racing",
    "embed_code": "<iframe width=\"100%\" height=\"550\" style=\"border:0px;\" src=\"https://hexgl.bkcore.com/\" title=\"HexGL\"></iframe>",
    "source": "GitHub Pages",
    "category": "Racing",
    "popularity": "High",
    "image": "https://via.placeholder.com/300x200/1a1a1a/gold?text=HexGL+Racing",
    "play_url": "https://play.cashmart.games/44"
  },
  {
    "id": 45,
    "name": "Clumsy Bird",
    "embed_code": "<iframe width=\"100%\" height=\"550\" style=\"border:0px;\" src=\"https://ellisonleao.github.io/clumsy-bird/\" title=\"Clumsy Bird\"></iframe>",
    "source": "GitHub Pages",
    "category": "Endless Runner",
    "popularity": "High",
    "image": "https://via.placeholder.com/300x200/1a1a1a/gold?text=Clumsy+Bird",
    "play_url": "https://play.cashmart.games/45"
  },
  {
    "id": 46,
    "name": "BrowserQuest",
    "embed_code": "<iframe width=\"100%\" height=\"550\" style=\"border:0px;\" src=\"https://browserquest.mozilla.org/\" title=\"BrowserQuest\"></iframe>",
    "source": "Mozilla/GitHub",
    "category": "RPG",
    "popularity": "Medium",
    "image": "https://via.placeholder.com/300x200/1a1a1a/gold?text=BrowserQuest",
    "play_url": "https://play.cashmart.games/46"
  }
]